Entity Names,Activity End Date,Total Value,Assigned Owner Name,Status,Due Date,Creation Date,Document Control Number,Report Number,Queued By,Date of Determination,Accepted Date,FI Note to FinCEN,Primary Activity Subtype,Primary Activity Type,Queue Failed,Submitted Date,Type of Filing
Citrus Valley Farms,04/24/2025,242173,Robert Ellison,Accepted,06/27/2025,05/17/2025,DCN-S7001,SAR-2026-7001,Priya Natarajan,05/28/2025,06/09/2025,,Romance Scam,Elder Financial Exploitation,No,06/06/2025,Initial
Mesa Verde Grocers,04/26/2025,213410,Dana Kim,Accepted,06/03/2025,04/23/2025,DCN-S7002,SAR-2026-7002,Maria Delgado,05/04/2025,05/18/2025,,Trade-Based Laundering,Money Laundering,No,05/16/2025,Continuing Activity Report
Inland Empire Liquor,04/26/2025,166558,Priya Natarajan,Accepted,06/09/2025,05/06/2025,DCN-S7003,SAR-2026-7003,Kevin O’Rourke,05/10/2025,05/24/2025,,Check Fraud,Fraud,No,05/23/2025,Initial
Inland Empire Liquor,04/01/2025,468472,Luis Herrera,Accepted,06/01/2025,04/22/2025,DCN-S7004,SAR-2026-7004,Maria Delgado,05/02/2025,05/21/2025,,Synthetic Identity,Identity Theft,No,05/19/2025,Initial
Mesa Verde Grocers,04/15/2025,361603,Kevin O’Rourke,Accepted,06/18/2025,05/17/2025,DCN-S7005,SAR-2026-7005,Priya Natarajan,05/19/2025,05/29/2025,,Check Fraud,Fraud,No,05/28/2025,Initial
Golden State Autos,04/08/2025,291376,Luis Herrera,Accepted,06/14/2025,05/13/2025,DCN-S7006,SAR-2026-7006,Kevin O’Rourke,05/15/2025,05/31/2025,See attached narrative.,Cash Structuring,Structuring,No,05/29/2025,Initial
Sunrise Market LLC,05/12/2025,169351,James Whitfield,Accepted,06/16/2025,05/11/2025,DCN-S7007,SAR-2026-7007,Priya Natarajan,05/17/2025,06/03/2025,,Funnel Account Activity,Structuring,No,05/31/2025,Initial
Canyon Ridge Motors,04/09/2025,210676,Maria Delgado,Accepted,06/17/2025,05/14/2025,DCN-S7008,SAR-2026-7008,Priya Natarajan,05/18/2025,06/04/2025,,Romance Scam,Elder Financial Exploitation,No,06/01/2025,Initial
Canyon Ridge Motors,04/28/2025,91452,Ashley Tran,Accepted,06/27/2025,05/18/2025,DCN-S7009,SAR-2026-7009,Priya Natarajan,05/28/2025,06/09/2025,,ACH Fraud,Fraud,No,06/07/2025,Initial
Mesa Verde Grocers,04/09/2025,409769,Luis Herrera,Accepted,06/17/2025,05/09/2025,DCN-S7010,SAR-2026-7010,Priya Natarajan,05/18/2025,06/17/2025,,Trade-Based Laundering,Money Laundering,No,06/14/2025,Initial
Golden State Autos,04/10/2025,440687,Maria Delgado,Accepted,06/15/2025,05/13/2025,DCN-S7011,SAR-2026-7011,Dana Kim,05/16/2025,05/30/2025,,Layering,Money Laundering,No,05/28/2025,Initial
Redlands Pawn & Jewelry,05/03/2025,104937,Maria Delgado,Accepted,06/18/2025,05/16/2025,DCN-S7012,SAR-2026-7012,Dana Kim,05/19/2025,06/06/2025,,Trade-Based Laundering,Money Laundering,No,06/03/2025,Initial
Pacific Coast Vending,04/10/2025,110914,Dana Kim,Accepted,06/11/2025,05/03/2025,DCN-S7013,SAR-2026-7013,Kevin O’Rourke,05/12/2025,06/03/2025,,Account Takeover,Identity Theft,No,05/31/2025,Initial
Golden State Autos,05/10/2025,61278,James Whitfield,Accepted,06/18/2025,05/10/2025,DCN-S7014,SAR-2026-7014,Kevin O’Rourke,05/19/2025,06/06/2025,,Synthetic Identity,Identity Theft,No,06/05/2025,Initial
Canyon Ridge Motors,04/29/2025,218595,Priya Natarajan,Accepted,06/17/2025,05/11/2025,DCN-S7015,SAR-2026-7015,James Whitfield,05/18/2025,05/31/2025,,Synthetic Identity,Identity Theft,No,05/28/2025,Continuing Activity Report
Moreno Valley Transport,05/11/2025,316659,Priya Natarajan,Accepted,06/18/2025,05/15/2025,DCN-S7016,SAR-2026-7016,Priya Natarajan,05/19/2025,05/31/2025,,Account Takeover,Identity Theft,No,05/28/2025,Initial
Inland Empire Liquor,04/18/2025,457353,Maria Delgado,Accepted,06/12/2025,05/11/2025,DCN-S7017,SAR-2026-7017,Priya Natarajan,05/13/2025,05/29/2025,,Funnel Account Activity,Structuring,No,05/27/2025,Initial
Desert Bloom Nursery,05/04/2025,251518,Robert Ellison,Queue Failed,06/17/2025,05/06/2025,DCN-S7018,SAR-2026-7018,Priya Natarajan,05/18/2025,,,Layering,Money Laundering,Yes,,Initial
Sunrise Market LLC,04/15/2025,98456,Robert Ellison,Accepted,06/15/2025,05/12/2025,DCN-S7019,SAR-2026-7019,Priya Natarajan,05/16/2025,06/02/2025,,Trade-Based Laundering,Money Laundering,No,06/01/2025,Initial
Redlands Pawn & Jewelry,04/25/2025,466953,Dana Kim,Accepted,06/15/2025,05/12/2025,DCN-S7020,SAR-2026-7020,Maria Delgado,05/16/2025,06/05/2025,,Caregiver Abuse,Elder Financial Exploitation,No,06/04/2025,Continuing Activity Report
Inland Empire Liquor,05/08/2025,415687,Dana Kim,Accepted,06/26/2025,05/19/2025,DCN-S7021,SAR-2026-7021,Maria Delgado,05/27/2025,06/09/2025,See attached narrative.,Synthetic Identity,Identity Theft,No,06/07/2025,Initial
Moreno Valley Transport,04/20/2025,431297,Maria Delgado,Accepted,06/05/2025,04/29/2025,DCN-S7022,SAR-2026-7022,Kevin O’Rourke,05/06/2025,05/23/2025,,Layering,Money Laundering,No,05/22/2025,Initial
Moreno Valley Transport,04/28/2025,117568,Dana Kim,Accepted,06/08/2025,04/30/2025,DCN-S7023,SAR-2026-7023,Priya Natarajan,05/09/2025,05/20/2025,,Check Fraud,Fraud,No,05/17/2025,Initial
Sunrise Market LLC,05/05/2025,65787,James Whitfield,Accepted,06/26/2025,05/24/2025,DCN-S7024,SAR-2026-7024,Dana Kim,05/27/2025,06/04/2025,See attached narrative.,Synthetic Identity,Identity Theft,No,06/03/2025,Continuing Activity Report
Pacific Coast Vending,04/26/2025,324175,Kevin O’Rourke,Accepted,06/06/2025,04/30/2025,DCN-S7025,SAR-2026-7025,Maria Delgado,05/07/2025,05/22/2025,,Synthetic Identity,Identity Theft,No,05/20/2025,Initial
Inland Empire Liquor,05/21/2025,463058,Priya Natarajan,Accepted,07/09/2025,06/03/2025,DCN-S7026,SAR-2026-7026,James Whitfield,06/09/2025,06/26/2025,,Romance Scam,Elder Financial Exploitation,No,06/23/2025,Initial
Golden State Autos,05/09/2025,164935,Luis Herrera,Accepted,07/09/2025,05/28/2025,DCN-S7027,SAR-2026-7027,Dana Kim,06/09/2025,06/27/2025,,Wire Fraud,Fraud,No,06/26/2025,Initial
Pacific Coast Vending,06/07/2025,15058,Ashley Tran,Accepted,07/20/2025,06/12/2025,DCN-S7028,SAR-2026-7028,Maria Delgado,06/20/2025,07/19/2025,,Romance Scam,Elder Financial Exploitation,No,07/15/2025,Continuing Activity Report
Golden State Autos,05/24/2025,271334,Kevin O’Rourke,Accepted,07/04/2025,05/30/2025,DCN-S7029,SAR-2026-7029,James Whitfield,06/04/2025,06/19/2025,,Account Takeover,Identity Theft,No,06/17/2025,Continuing Activity Report
Moreno Valley Transport,06/18/2025,183583,Priya Natarajan,Accepted,07/25/2025,06/22/2025,DCN-S7030,SAR-2026-7030,James Whitfield,06/25/2025,07/17/2025,,Synthetic Identity,Identity Theft,No,07/14/2025,Continuing Activity Report
Citrus Valley Farms,05/23/2025,267149,Kevin O’Rourke,Queue Failed,07/27/2025,06/17/2025,DCN-S7031,SAR-2026-7031,Dana Kim,06/27/2025,,,Cash Structuring,Structuring,Yes,,Initial
Citrus Valley Farms,05/24/2025,221093,Dana Kim,Accepted,07/08/2025,05/29/2025,DCN-S7032,SAR-2026-7032,Maria Delgado,06/08/2025,06/27/2025,,Romance Scam,Elder Financial Exploitation,No,06/24/2025,Initial
Pacific Coast Vending,06/19/2025,234212,Kevin O’Rourke,Accepted,07/26/2025,06/24/2025,DCN-S7033,SAR-2026-7033,Kevin O’Rourke,06/26/2025,07/07/2025,,Caregiver Abuse,Elder Financial Exploitation,No,07/06/2025,Continuing Activity Report
Redlands Pawn & Jewelry,06/09/2025,107213,Ashley Tran,Accepted,07/19/2025,06/09/2025,DCN-S7034,SAR-2026-7034,James Whitfield,06/19/2025,07/07/2025,,Layering,Money Laundering,No,07/05/2025,Continuing Activity Report
Canyon Ridge Motors,06/04/2025,12203,Priya Natarajan,Accepted,07/16/2025,06/07/2025,DCN-S7035,SAR-2026-7035,Priya Natarajan,06/16/2025,07/03/2025,,Layering,Money Laundering,No,07/01/2025,Initial
Sunrise Market LLC,05/29/2025,459597,Ashley Tran,Accepted,07/26/2025,06/14/2025,DCN-S7036,SAR-2026-7036,Kevin O’Rourke,06/26/2025,07/07/2025,See attached narrative.,Account Takeover,Identity Theft,No,07/05/2025,Initial
Golden State Autos,04/27/2025,402476,Dana Kim,Accepted,07/02/2025,05/26/2025,DCN-S7037,SAR-2026-7037,Priya Natarajan,06/02/2025,07/01/2025,,Synthetic Identity,Identity Theft,No,06/28/2025,Initial
Inland Empire Liquor,05/14/2025,71587,Robert Ellison,Excluded,07/01/2025,05/28/2025,DCN-S7038,SAR-2026-7038,,06/01/2025,,,Account Takeover,Identity Theft,No,,Initial
Pacific Coast Vending,05/30/2025,157376,Maria Delgado,Accepted,07/09/2025,06/01/2025,DCN-S7039,SAR-2026-7039,Maria Delgado,06/09/2025,07/08/2025,,ACH Fraud,Fraud,No,07/02/2025,Initial
Pacific Coast Vending,06/15/2025,376727,Maria Delgado,Accepted,07/27/2025,06/17/2025,DCN-S7040,SAR-2026-7040,Maria Delgado,06/27/2025,07/28/2025,,Account Takeover,Identity Theft,No,07/25/2025,Initial
Mesa Verde Grocers,05/06/2025,240559,Ashley Tran,Accepted,07/12/2025,06/10/2025,DCN-S7041,SAR-2026-7041,Maria Delgado,06/12/2025,06/28/2025,,Cash Structuring,Structuring,No,06/25/2025,Continuing Activity Report
Moreno Valley Transport,04/29/2025,147725,Maria Delgado,Accepted,07/06/2025,06/04/2025,DCN-S7042,SAR-2026-7042,Priya Natarajan,06/06/2025,06/24/2025,,Cash Structuring,Structuring,No,06/21/2025,Initial
Redlands Pawn & Jewelry,05/21/2025,250185,Priya Natarajan,Accepted,07/10/2025,05/29/2025,DCN-S7043,SAR-2026-7043,Maria Delgado,06/10/2025,06/27/2025,,Trade-Based Laundering,Money Laundering,No,06/24/2025,Initial
Sunrise Market LLC,07/09/2025,164868,James Whitfield,Excluded,08/13/2025,07/10/2025,DCN-S7044,SAR-2026-7044,,07/14/2025,,,Cash Structuring,Structuring,No,,Initial
Canyon Ridge Motors,06/20/2025,275518,Dana Kim,Accepted,08/18/2025,07/12/2025,DCN-S7045,SAR-2026-7045,Priya Natarajan,07/19/2025,07/29/2025,,Account Takeover,Identity Theft,No,07/28/2025,Initial
Canyon Ridge Motors,06/25/2025,427037,Priya Natarajan,Accepted,08/03/2025,06/24/2025,DCN-S7046,SAR-2026-7046,James Whitfield,07/04/2025,07/18/2025,,Synthetic Identity,Identity Theft,No,07/17/2025,Continuing Activity Report
High Desert Storage,06/01/2025,308674,Maria Delgado,Accepted,08/10/2025,07/09/2025,DCN-S7047,SAR-2026-7047,James Whitfield,07/11/2025,07/30/2025,See attached narrative.,Funnel Account Activity,Structuring,No,07/28/2025,Initial
Pacific Coast Vending,07/01/2025,170034,Priya Natarajan,Accepted,08/15/2025,07/10/2025,DCN-S7048,SAR-2026-7048,Priya Natarajan,07/16/2025,07/27/2025,,Layering,Money Laundering,No,07/26/2025,Initial
Mesa Verde Grocers,06/16/2025,26648,James Whitfield,Accepted,08/08/2025,06/27/2025,DCN-S7049,SAR-2026-7049,James Whitfield,07/09/2025,07/19/2025,,Romance Scam,Elder Financial Exploitation,No,07/16/2025,Initial
Desert Bloom Nursery,06/25/2025,12721,Kevin O’Rourke,Accepted,08/26/2025,07/25/2025,DCN-S7050,SAR-2026-7050,Priya Natarajan,07/27/2025,08/16/2025,,Trade-Based Laundering,Money Laundering,No,08/14/2025,Initial
Rivera & Sons Trucking,06/25/2025,21644,Dana Kim,Accepted,08/21/2025,07/16/2025,DCN-S7051,SAR-2026-7051,James Whitfield,07/22/2025,08/08/2025,See attached narrative.,Funnel Account Activity,Structuring,No,08/05/2025,Initial
Rivera & Sons Trucking,06/09/2025,474677,Robert Ellison,Accepted,08/17/2025,07/15/2025,DCN-S7052,SAR-2026-7052,James Whitfield,07/18/2025,08/04/2025,,Caregiver Abuse,Elder Financial Exploitation,No,08/01/2025,Initial
Sunrise Market LLC,06/18/2025,260981,James Whitfield,Accepted,08/14/2025,07/09/2025,DCN-S7053,SAR-2026-7053,Dana Kim,07/15/2025,07/26/2025,,Account Takeover,Identity Theft,No,07/23/2025,Continuing Activity Report
Redlands Pawn & Jewelry,06/18/2025,377054,Ashley Tran,Accepted,08/04/2025,06/24/2025,DCN-S7054,SAR-2026-7054,Maria Delgado,07/05/2025,07/30/2025,,Layering,Money Laundering,No,07/27/2025,Initial
Sunrise Market LLC,06/24/2025,250125,Ashley Tran,Accepted,08/27/2025,07/25/2025,DCN-S7055,SAR-2026-7055,Dana Kim,07/28/2025,08/12/2025,See attached narrative.,Layering,Money Laundering,No,08/11/2025,Initial
Mesa Verde Grocers,05/31/2025,303248,Dana Kim,Accepted,08/02/2025,06/24/2025,DCN-S7056,SAR-2026-7056,Dana Kim,07/03/2025,07/16/2025,,Romance Scam,Elder Financial Exploitation,No,07/15/2025,Continuing Activity Report
High Desert Storage,06/25/2025,140594,Robert Ellison,Accepted,08/26/2025,07/17/2025,DCN-S7057,SAR-2026-7057,Maria Delgado,07/27/2025,08/11/2025,,Romance Scam,Elder Financial Exploitation,No,08/09/2025,Initial
Mesa Verde Grocers,06/08/2025,405814,Priya Natarajan,Accepted,08/03/2025,06/25/2025,DCN-S7058,SAR-2026-7058,Maria Delgado,07/04/2025,07/19/2025,,Caregiver Abuse,Elder Financial Exploitation,No,07/18/2025,Initial
Sunrise Market LLC,08/01/2025,411319,Luis Herrera,Accepted,09/27/2025,08/17/2025,DCN-S7059,SAR-2026-7059,Priya Natarajan,08/28/2025,09/28/2025,,Funnel Account Activity,Structuring,No,09/23/2025,Initial
Mesa Verde Grocers,08/05/2025,18084,Dana Kim,Accepted,09/16/2025,08/09/2025,DCN-S7060,SAR-2026-7060,James Whitfield,08/17/2025,09/14/2025,,ACH Fraud,Fraud,No,09/08/2025,Continuing Activity Report
Mesa Verde Grocers,07/31/2025,362335,Priya Natarajan,Accepted,09/21/2025,08/18/2025,DCN-S7061,SAR-2026-7061,Maria Delgado,08/22/2025,09/10/2025,,Wire Fraud,Fraud,No,09/09/2025,Initial
Rivera & Sons Trucking,07/15/2025,403667,Maria Delgado,Accepted,09/18/2025,08/09/2025,DCN-S7062,SAR-2026-7062,Dana Kim,08/19/2025,09/01/2025,,Caregiver Abuse,Elder Financial Exploitation,No,08/30/2025,Continuing Activity Report
Citrus Valley Farms,07/27/2025,465297,Maria Delgado,Accepted,09/13/2025,08/07/2025,DCN-S7063,SAR-2026-7063,James Whitfield,08/14/2025,09/01/2025,,Romance Scam,Elder Financial Exploitation,No,08/30/2025,Continuing Activity Report
Pacific Coast Vending,07/23/2025,147759,Robert Ellison,Accepted,09/14/2025,08/13/2025,DCN-S7064,SAR-2026-7064,Kevin O’Rourke,08/15/2025,09/05/2025,,Account Takeover,Identity Theft,No,09/02/2025,Continuing Activity Report
Inland Empire Liquor,07/27/2025,85608,Ashley Tran,Accepted,09/19/2025,08/14/2025,DCN-S7065,SAR-2026-7065,Maria Delgado,08/20/2025,09/03/2025,,Account Takeover,Identity Theft,No,08/31/2025,Initial
Canyon Ridge Motors,07/21/2025,113074,Ashley Tran,Accepted,09/17/2025,08/16/2025,DCN-S7066,SAR-2026-7066,Dana Kim,08/18/2025,08/27/2025,See attached narrative.,Funnel Account Activity,Structuring,No,08/26/2025,Continuing Activity Report
Canyon Ridge Motors,07/09/2025,413261,Dana Kim,Accepted,09/14/2025,08/07/2025,DCN-S7067,SAR-2026-7067,James Whitfield,08/15/2025,08/31/2025,,Account Takeover,Identity Theft,No,08/29/2025,Initial
Citrus Valley Farms,07/27/2025,38429,James Whitfield,Accepted,09/17/2025,08/13/2025,DCN-S7068,SAR-2026-7068,Priya Natarajan,08/18/2025,08/31/2025,,Trade-Based Laundering,Money Laundering,No,08/29/2025,Initial
Desert Bloom Nursery,08/05/2025,232045,Kevin O’Rourke,Accepted,09/19/2025,08/14/2025,DCN-S7069,SAR-2026-7069,Dana Kim,08/20/2025,09/05/2025,,Funnel Account Activity,Structuring,No,09/03/2025,Initial
Golden State Autos,06/30/2025,271314,Ashley Tran,Accepted,09/06/2025,07/29/2025,DCN-S7070,SAR-2026-7070,Dana Kim,08/07/2025,08/25/2025,,Account Takeover,Identity Theft,No,08/23/2025,Initial
Citrus Valley Farms,08/13/2025,203097,Dana Kim,Accepted,09/20/2025,08/14/2025,DCN-S7071,SAR-2026-7071,Kevin O’Rourke,08/21/2025,09/14/2025,,Synthetic Identity,Identity Theft,No,09/10/2025,Continuing Activity Report
Rivera & Sons Trucking,07/27/2025,183067,Luis Herrera,Accepted,09/22/2025,08/20/2025,DCN-S7072,SAR-2026-7072,Maria Delgado,08/23/2025,09/09/2025,,Wire Fraud,Fraud,No,09/06/2025,Initial
Rivera & Sons Trucking,07/21/2025,38544,Kevin O’Rourke,Accepted,09/02/2025,07/26/2025,DCN-S7073,SAR-2026-7073,Dana Kim,08/03/2025,08/19/2025,,Trade-Based Laundering,Money Laundering,No,08/17/2025,Continuing Activity Report
Sunrise Market LLC,07/31/2025,209326,Priya Natarajan,Excluded,09/08/2025,07/30/2025,DCN-S7074,SAR-2026-7074,,08/09/2025,,,Wire Fraud,Fraud,No,,Initial
Canyon Ridge Motors,07/30/2025,368563,Kevin O’Rourke,Accepted,09/27/2025,08/25/2025,DCN-S7075,SAR-2026-7075,Priya Natarajan,08/28/2025,09/13/2025,,Check Fraud,Fraud,No,09/11/2025,Initial
Redlands Pawn & Jewelry,09/11/2025,296334,Robert Ellison,Accepted,10/22/2025,09/16/2025,DCN-S7076,SAR-2026-7076,James Whitfield,09/22/2025,10/06/2025,,Check Fraud,Fraud,No,10/03/2025,Continuing Activity Report
Redlands Pawn & Jewelry,08/29/2025,360430,Ashley Tran,Accepted,10/24/2025,09/15/2025,DCN-S7077,SAR-2026-7077,Dana Kim,09/24/2025,10/14/2025,,Romance Scam,Elder Financial Exploitation,No,10/11/2025,Initial
High Desert Storage,08/20/2025,72974,Priya Natarajan,Accepted,10/11/2025,09/03/2025,DCN-S7078,SAR-2026-7078,Kevin O’Rourke,09/11/2025,09/21/2025,,Account Takeover,Identity Theft,No,09/19/2025,Initial
Inland Empire Liquor,08/07/2025,95431,Dana Kim,Accepted,10/14/2025,09/02/2025,DCN-S7079,SAR-2026-7079,James Whitfield,09/14/2025,10/07/2025,,Trade-Based Laundering,Money Laundering,No,10/04/2025,Initial
Inland Empire Liquor,07/29/2025,81049,Priya Natarajan,Excluded,10/04/2025,09/01/2025,DCN-S7080,SAR-2026-7080,,09/04/2025,,See attached narrative.,Synthetic Identity,Identity Theft,No,,Initial
Desert Bloom Nursery,08/24/2025,357902,Kevin O’Rourke,Accepted,10/17/2025,09/12/2025,DCN-S7081,SAR-2026-7081,Maria Delgado,09/17/2025,09/28/2025,,Caregiver Abuse,Elder Financial Exploitation,No,09/27/2025,Initial
Moreno Valley Transport,09/08/2025,21031,Robert Ellison,Excluded,10/13/2025,09/08/2025,DCN-S7082,SAR-2026-7082,,09/13/2025,,,Funnel Account Activity,Structuring,No,,Initial
High Desert Storage,09/04/2025,122100,Robert Ellison,Accepted,10/17/2025,09/05/2025,DCN-S7083,SAR-2026-7083,Kevin O’Rourke,09/17/2025,09/29/2025,,ACH Fraud,Fraud,No,09/28/2025,Initial
Sunrise Market LLC,08/27/2025,60387,James Whitfield,Accepted,10/02/2025,08/23/2025,DCN-S7084,SAR-2026-7084,Priya Natarajan,09/02/2025,09/19/2025,,Check Fraud,Fraud,No,09/17/2025,Initial
Rivera & Sons Trucking,08/17/2025,456037,Maria Delgado,Accepted,10/10/2025,09/02/2025,DCN-S7085,SAR-2026-7085,Dana Kim,09/10/2025,10/14/2025,,Wire Fraud,Fraud,No,10/09/2025,Initial
Citrus Valley Farms,08/07/2025,434098,Kevin O’Rourke,Accepted,10/11/2025,09/05/2025,DCN-S7086,SAR-2026-7086,James Whitfield,09/11/2025,09/26/2025,,Funnel Account Activity,Structuring,No,09/25/2025,Initial
High Desert Storage,09/22/2025,322333,Kevin O’Rourke,Accepted,10/27/2025,09/25/2025,DCN-S7087,SAR-2026-7087,Kevin O’Rourke,09/27/2025,10/11/2025,,Caregiver Abuse,Elder Financial Exploitation,No,10/08/2025,Initial
Pacific Coast Vending,08/26/2025,375268,Maria Delgado,Accepted,10/15/2025,09/03/2025,DCN-S7088,SAR-2026-7088,Dana Kim,09/15/2025,09/26/2025,,Cash Structuring,Structuring,No,09/25/2025,Continuing Activity Report
Inland Empire Liquor,08/25/2025,331186,Dana Kim,Accepted,10/10/2025,09/07/2025,DCN-S7089,SAR-2026-7089,Maria Delgado,09/10/2025,09/25/2025,,ACH Fraud,Fraud,No,09/23/2025,Initial
Rivera & Sons Trucking,08/13/2025,20528,Ashley Tran,Accepted,10/02/2025,08/27/2025,DCN-S7090,SAR-2026-7090,Maria Delgado,09/02/2025,09/22/2025,,Caregiver Abuse,Elder Financial Exploitation,No,09/19/2025,Initial
Redlands Pawn & Jewelry,09/03/2025,245905,Luis Herrera,Accepted,10/13/2025,09/04/2025,DCN-S7091,SAR-2026-7091,Priya Natarajan,09/13/2025,10/02/2025,,Funnel Account Activity,Structuring,No,09/30/2025,Initial
Inland Empire Liquor,08/18/2025,428844,Kevin O’Rourke,Accepted,10/22/2025,09/12/2025,DCN-S7092,SAR-2026-7092,Dana Kim,09/22/2025,10/11/2025,,Trade-Based Laundering,Money Laundering,No,10/08/2025,Continuing Activity Report
High Desert Storage,08/22/2025,76330,Dana Kim,Accepted,10/23/2025,09/13/2025,DCN-S7093,SAR-2026-7093,James Whitfield,09/23/2025,10/03/2025,,Romance Scam,Elder Financial Exploitation,No,10/01/2025,Initial
High Desert Storage,07/30/2025,152121,Luis Herrera,Accepted,10/01/2025,08/21/2025,DCN-S7094,SAR-2026-7094,Priya Natarajan,09/01/2025,09/14/2025,,Romance Scam,Elder Financial Exploitation,No,09/12/2025,Continuing Activity Report
Moreno Valley Transport,08/16/2025,64765,Robert Ellison,Accepted,10/09/2025,09/07/2025,DCN-S7095,SAR-2026-7095,Priya Natarajan,09/09/2025,09/26/2025,,Cash Structuring,Structuring,No,09/24/2025,Initial
Citrus Valley Farms,09/02/2025,171257,Priya Natarajan,Queue Failed,10/20/2025,09/18/2025,DCN-S7096,SAR-2026-7096,Priya Natarajan,09/20/2025,,,Synthetic Identity,Identity Theft,Yes,,Initial
Inland Empire Liquor,09/09/2025,103777,James Whitfield,Accepted,10/22/2025,09/10/2025,DCN-S7097,SAR-2026-7097,James Whitfield,09/22/2025,10/08/2025,,Funnel Account Activity,Structuring,No,10/07/2025,Initial
Pacific Coast Vending,09/16/2025,289054,Priya Natarajan,Accepted,11/06/2025,09/25/2025,DCN-S7098,SAR-2026-7098,Priya Natarajan,10/07/2025,10/19/2025,,Cash Structuring,Structuring,No,10/18/2025,Initial
Golden State Autos,10/07/2025,78679,Maria Delgado,Accepted,11/21/2025,10/19/2025,DCN-S7099,SAR-2026-7099,Priya Natarajan,10/22/2025,11/08/2025,,Wire Fraud,Fraud,No,11/06/2025,Initial
Pacific Coast Vending,09/21/2025,436013,James Whitfield,Accepted,11/09/2025,10/08/2025,DCN-S7100,SAR-2026-7100,James Whitfield,10/10/2025,10/23/2025,,Cash Structuring,Structuring,No,10/22/2025,Initial
Mesa Verde Grocers,10/13/2025,201261,Luis Herrera,Accepted,11/19/2025,10/16/2025,DCN-S7101,SAR-2026-7101,Kevin O’Rourke,10/20/2025,11/03/2025,,Check Fraud,Fraud,No,11/02/2025,Continuing Activity Report
Citrus Valley Farms,09/16/2025,77800,Dana Kim,Accepted,11/07/2025,09/30/2025,DCN-S7102,SAR-2026-7102,Dana Kim,10/08/2025,10/25/2025,,Layering,Money Laundering,No,10/22/2025,Initial
Moreno Valley Transport,10/08/2025,161309,Maria Delgado,Accepted,11/23/2025,10/14/2025,DCN-S7103,SAR-2026-7103,Kevin O’Rourke,10/24/2025,11/26/2025,,Layering,Money Laundering,No,11/21/2025,Continuing Activity Report
Golden State Autos,10/04/2025,449650,Kevin O’Rourke,Accepted,11/27/2025,10/24/2025,DCN-S7104,SAR-2026-7104,Priya Natarajan,10/28/2025,11/08/2025,,ACH Fraud,Fraud,No,11/07/2025,Initial
Moreno Valley Transport,09/15/2025,105281,Dana Kim,Accepted,11/03/2025,09/23/2025,DCN-S7105,SAR-2026-7105,Kevin O’Rourke,10/04/2025,10/20/2025,See attached narrative.,Layering,Money Laundering,No,10/19/2025,Initial
Canyon Ridge Motors,09/22/2025,461761,Luis Herrera,Accepted,11/01/2025,09/28/2025,DCN-S7106,SAR-2026-7106,Priya Natarajan,10/02/2025,11/04/2025,,Check Fraud,Fraud,No,10/31/2025,Initial
High Desert Storage,10/02/2025,61146,Ashley Tran,Accepted,11/17/2025,10/11/2025,DCN-S7107,SAR-2026-7107,James Whitfield,10/18/2025,11/01/2025,,Layering,Money Laundering,No,10/31/2025,Continuing Activity Report
Canyon Ridge Motors,09/04/2025,171950,Maria Delgado,Accepted,11/09/2025,10/01/2025,DCN-S7108,SAR-2026-7108,Dana Kim,10/10/2025,10/28/2025,,ACH Fraud,Fraud,No,10/25/2025,Initial
Inland Empire Liquor,10/06/2025,164471,Robert Ellison,Accepted,11/21/2025,10/14/2025,DCN-S7109,SAR-2026-7109,Priya Natarajan,10/22/2025,11/02/2025,,Funnel Account Activity,Structuring,No,10/31/2025,Continuing Activity Report
Desert Bloom Nursery,09/21/2025,14923,Luis Herrera,Accepted,10/31/2025,09/29/2025,DCN-S7110,SAR-2026-7110,Dana Kim,10/01/2025,11/06/2025,,Synthetic Identity,Identity Theft,No,10/30/2025,Initial
Mesa Verde Grocers,09/17/2025,353867,James Whitfield,Accepted,11/17/2025,10/09/2025,DCN-S7111,SAR-2026-7111,Dana Kim,10/18/2025,11/02/2025,,Caregiver Abuse,Elder Financial Exploitation,No,11/01/2025,Initial
Golden State Autos,10/11/2025,28884,Robert Ellison,Accepted,11/20/2025,10/12/2025,DCN-S7112,SAR-2026-7112,Kevin O’Rourke,10/21/2025,11/21/2025,,Synthetic Identity,Identity Theft,No,11/16/2025,Initial
Redlands Pawn & Jewelry,08/29/2025,443962,Kevin O’Rourke,Accepted,11/07/2025,10/02/2025,DCN-S7113,SAR-2026-7113,Priya Natarajan,10/08/2025,10/23/2025,,Trade-Based Laundering,Money Laundering,No,10/22/2025,Initial
Rivera & Sons Trucking,09/28/2025,335692,Kevin O’Rourke,Accepted,11/15/2025,10/12/2025,DCN-S7114,SAR-2026-7114,James Whitfield,10/16/2025,11/01/2025,,Cash Structuring,Structuring,No,10/31/2025,Initial
Canyon Ridge Motors,09/20/2025,201244,Luis Herrera,Accepted,11/06/2025,10/05/2025,DCN-S7115,SAR-2026-7115,James Whitfield,10/07/2025,10/22/2025,See attached narrative.,Account Takeover,Identity Theft,No,10/19/2025,Initial
Pacific Coast Vending,09/09/2025,268274,Kevin O’Rourke,Excluded,11/05/2025,09/27/2025,DCN-S7116,SAR-2026-7116,,10/06/2025,,,Funnel Account Activity,Structuring,No,,Continuing Activity Report
Redlands Pawn & Jewelry,10/08/2025,395679,Ashley Tran,Accepted,11/12/2025,10/06/2025,DCN-S7117,SAR-2026-7117,Priya Natarajan,10/13/2025,11/14/2025,,Check Fraud,Fraud,No,11/07/2025,Continuing Activity Report
Citrus Valley Farms,09/29/2025,81902,Maria Delgado,Accepted,11/19/2025,10/16/2025,DCN-S7118,SAR-2026-7118,Priya Natarajan,10/20/2025,11/09/2025,,Wire Fraud,Fraud,No,11/07/2025,Initial
Inland Empire Liquor,09/12/2025,124094,Maria Delgado,Accepted,11/13/2025,10/09/2025,DCN-S7119,SAR-2026-7119,Maria Delgado,10/14/2025,11/09/2025,,Romance Scam,Elder Financial Exploitation,No,11/06/2025,Initial
Golden State Autos,09/18/2025,342011,Maria Delgado,Accepted,11/27/2025,10/24/2025,DCN-S7120,SAR-2026-7120,Kevin O’Rourke,10/28/2025,11/13/2025,,Cash Structuring,Structuring,No,11/11/2025,Continuing Activity Report
Redlands Pawn & Jewelry,10/07/2025,414037,Maria Delgado,Accepted,11/25/2025,10/16/2025,DCN-S7121,SAR-2026-7121,Kevin O’Rourke,10/26/2025,11/14/2025,,Layering,Money Laundering,No,11/12/2025,Continuing Activity Report
Rivera & Sons Trucking,10/02/2025,193836,Priya Natarajan,Accepted,12/03/2025,10/29/2025,DCN-S7122,SAR-2026-7122,Priya Natarajan,11/03/2025,11/14/2025,See attached narrative.,ACH Fraud,Fraud,No,11/12/2025,Initial
Golden State Autos,09/22/2025,156153,Maria Delgado,Accepted,12/01/2025,10/29/2025,DCN-S7123,SAR-2026-7123,Priya Natarajan,11/01/2025,11/16/2025,,Funnel Account Activity,Structuring,No,11/13/2025,Initial
High Desert Storage,10/12/2025,364728,Luis Herrera,Accepted,12/07/2025,11/02/2025,DCN-S7124,SAR-2026-7124,James Whitfield,11/07/2025,11/17/2025,,ACH Fraud,Fraud,No,11/15/2025,Continuing Activity Report
Canyon Ridge Motors,11/07/2025,439199,Maria Delgado,Accepted,12/14/2025,11/10/2025,DCN-S7125,SAR-2026-7125,Priya Natarajan,11/14/2025,12/04/2025,,Caregiver Abuse,Elder Financial Exploitation,No,12/02/2025,Initial
Sunrise Market LLC,11/05/2025,98324,Luis Herrera,Accepted,12/15/2025,11/12/2025,DCN-S7126,SAR-2026-7126,Priya Natarajan,11/15/2025,11/26/2025,,Account Takeover,Identity Theft,No,11/24/2025,Initial
Sunrise Market LLC,10/26/2025,306888,Dana Kim,Accepted,12/15/2025,11/08/2025,DCN-S7127,SAR-2026-7127,Maria Delgado,11/15/2025,11/28/2025,,Cash Structuring,Structuring,No,11/27/2025,Initial
Sunrise Market LLC,10/31/2025,445637,Priya Natarajan,Queue Failed,12/22/2025,11/16/2025,DCN-S7128,SAR-2026-7128,Maria Delgado,11/22/2025,,,Wire Fraud,Fraud,Yes,,Initial
Moreno Valley Transport,10/29/2025,156988,Ashley Tran,Accepted,12/10/2025,11/01/2025,DCN-S7129,SAR-2026-7129,Dana Kim,11/10/2025,11/29/2025,,Account Takeover,Identity Theft,No,11/27/2025,Initial
Inland Empire Liquor,10/13/2025,416447,Kevin O’Rourke,Accepted,12/07/2025,10/29/2025,DCN-S7130,SAR-2026-7130,Maria Delgado,11/07/2025,11/25/2025,,Trade-Based Laundering,Money Laundering,No,11/23/2025,Initial
Citrus Valley Farms,09/30/2025,49078,Maria Delgado,Accepted,12/07/2025,10/30/2025,DCN-S7131,SAR-2026-7131,Priya Natarajan,11/07/2025,11/23/2025,,Cash Structuring,Structuring,No,11/21/2025,Initial
Canyon Ridge Motors,10/05/2025,472071,James Whitfield,Accepted,12/06/2025,11/02/2025,DCN-S7132,SAR-2026-7132,James Whitfield,11/06/2025,12/05/2025,,Wire Fraud,Fraud,No,11/30/2025,Initial
High Desert Storage,11/04/2025,251850,Priya Natarajan,Accepted,12/28/2025,11/16/2025,DCN-S7133,SAR-2026-7133,Kevin O’Rourke,11/28/2025,12/17/2025,,Layering,Money Laundering,No,12/16/2025,Initial
Redlands Pawn & Jewelry,10/31/2025,478732,Priya Natarajan,Accepted,12/28/2025,11/23/2025,DCN-S7134,SAR-2026-7134,Kevin O’Rourke,11/28/2025,12/22/2025,,Wire Fraud,Fraud,No,12/18/2025,Initial
Inland Empire Liquor,11/15/2025,301694,Ashley Tran,Accepted,12/20/2025,11/18/2025,DCN-S7135,SAR-2026-7135,Kevin O’Rourke,11/20/2025,12/19/2025,,Romance Scam,Elder Financial Exploitation,No,12/14/2025,Initial
Sunrise Market LLC,10/06/2025,394193,Priya Natarajan,Accepted,12/11/2025,11/01/2025,DCN-S7136,SAR-2026-7136,James Whitfield,11/11/2025,11/28/2025,,Account Takeover,Identity Theft,No,11/26/2025,Initial
Mesa Verde Grocers,10/14/2025,75805,James Whitfield,Excluded,12/07/2025,10/28/2025,DCN-S7137,SAR-2026-7137,,11/07/2025,,See attached narrative.,Caregiver Abuse,Elder Financial Exploitation,No,,Continuing Activity Report
Mesa Verde Grocers,11/20/2025,299942,Ashley Tran,Accepted,12/25/2025,11/13/2025,DCN-S7138,SAR-2026-7138,Dana Kim,11/25/2025,12/08/2025,,Caregiver Abuse,Elder Financial Exploitation,No,12/05/2025,Initial
Citrus Valley Farms,10/16/2025,460333,Maria Delgado,Queue Failed,12/19/2025,11/09/2025,DCN-S7139,SAR-2026-7139,Dana Kim,11/19/2025,,,Cash Structuring,Structuring,Yes,,Initial
Desert Bloom Nursery,11/07/2025,40811,Ashley Tran,Accepted,12/23/2025,11/18/2025,DCN-S7140,SAR-2026-7140,James Whitfield,11/23/2025,12/08/2025,,Trade-Based Laundering,Money Laundering,No,12/05/2025,Initial
Sunrise Market LLC,09/30/2025,124508,Ashley Tran,Accepted,12/06/2025,10/25/2025,DCN-S7141,SAR-2026-7141,Kevin O’Rourke,11/06/2025,11/18/2025,,Romance Scam,Elder Financial Exploitation,No,11/16/2025,Continuing Activity Report
Sunrise Market LLC,11/16/2025,67745,Maria Delgado,Accepted,01/13/2026,12/08/2025,DCN-S7142,SAR-2026-7142,Dana Kim,12/14/2025,12/31/2025,,Check Fraud,Fraud,No,12/29/2025,Initial
High Desert Storage,11/14/2025,22341,Kevin O’Rourke,Accepted,01/19/2026,12/09/2025,DCN-S7143,SAR-2026-7143,James Whitfield,12/20/2025,01/09/2026,,Layering,Money Laundering,No,01/07/2026,Initial
Desert Bloom Nursery,11/18/2025,307247,Kevin O’Rourke,Queue Failed,01/13/2026,12/02/2025,DCN-S7144,SAR-2026-7144,Kevin O’Rourke,12/14/2025,,,Romance Scam,Elder Financial Exploitation,Yes,,Initial
Golden State Autos,11/24/2025,327878,James Whitfield,Accepted,01/16/2026,12/09/2025,DCN-S7145,SAR-2026-7145,Kevin O’Rourke,12/17/2025,12/28/2025,,Trade-Based Laundering,Money Laundering,No,12/26/2025,Initial
Rivera & Sons Trucking,12/11/2025,356530,James Whitfield,Accepted,01/21/2026,12/19/2025,DCN-S7146,SAR-2026-7146,Priya Natarajan,12/22/2025,01/25/2026,,Account Takeover,Identity Theft,No,01/19/2026,Continuing Activity Report
Golden State Autos,11/19/2025,177718,Dana Kim,Accepted,01/02/2026,11/27/2025,DCN-S7147,SAR-2026-7147,Priya Natarajan,12/03/2025,12/16/2025,,Synthetic Identity,Identity Theft,No,12/13/2025,Continuing Activity Report
Citrus Valley Farms,11/06/2025,425009,Luis Herrera,Accepted,01/03/2026,11/27/2025,DCN-S7148,SAR-2026-7148,Kevin O’Rourke,12/04/2025,01/02/2026,,Caregiver Abuse,Elder Financial Exploitation,No,12/27/2025,Continuing Activity Report
Sunrise Market LLC,12/08/2025,264800,Robert Ellison,Accepted,01/14/2026,12/10/2025,DCN-S7149,SAR-2026-7149,Maria Delgado,12/15/2025,12/24/2025,,Check Fraud,Fraud,No,12/22/2025,Initial
High Desert Storage,10/24/2025,449772,Robert Ellison,Excluded,01/01/2026,11/28/2025,DCN-S7150,SAR-2026-7150,,12/02/2025,,,Wire Fraud,Fraud,No,,Initial
Canyon Ridge Motors,11/28/2025,344145,Ashley Tran,Accepted,01/11/2026,12/03/2025,DCN-S7151,SAR-2026-7151,James Whitfield,12/12/2025,01/07/2026,,Layering,Money Laundering,No,01/04/2026,Continuing Activity Report
Moreno Valley Transport,11/04/2025,64895,Robert Ellison,Accepted,01/03/2026,11/30/2025,DCN-S7152,SAR-2026-7152,Dana Kim,12/04/2025,01/02/2026,,Account Takeover,Identity Theft,No,12/27/2025,Initial
Golden State Autos,11/26/2025,113438,Robert Ellison,Accepted,01/18/2026,12/14/2025,DCN-S7153,SAR-2026-7153,Maria Delgado,12/19/2025,01/06/2026,,Account Takeover,Identity Theft,No,01/03/2026,Initial
Sunrise Market LLC,12/10/2025,225678,Priya Natarajan,Accepted,01/17/2026,12/08/2025,DCN-S7154,SAR-2026-7154,Dana Kim,12/18/2025,01/08/2026,,Layering,Money Laundering,No,01/05/2026,Initial
Sunrise Market LLC,11/26/2025,147712,Dana Kim,Accepted,01/07/2026,11/30/2025,DCN-S7155,SAR-2026-7155,Dana Kim,12/08/2025,12/27/2025,,Romance Scam,Elder Financial Exploitation,No,12/25/2025,Continuing Activity Report
Rivera & Sons Trucking,11/19/2025,412403,Ashley Tran,Accepted,01/14/2026,12/10/2025,DCN-S7156,SAR-2026-7156,James Whitfield,12/15/2025,01/15/2026,,Account Takeover,Identity Theft,No,01/09/2026,Continuing Activity Report
Citrus Valley Farms,12/12/2025,426985,Luis Herrera,Accepted,01/16/2026,12/06/2025,DCN-S7157,SAR-2026-7157,James Whitfield,12/17/2025,12/31/2025,,Layering,Money Laundering,No,12/29/2025,Continuing Activity Report
High Desert Storage,11/25/2025,10527,Luis Herrera,Accepted,01/27/2026,12/26/2025,DCN-S7158,SAR-2026-7158,Maria Delgado,12/28/2025,01/10/2026,,Romance Scam,Elder Financial Exploitation,No,01/08/2026,Continuing Activity Report
Inland Empire Liquor,11/23/2025,100235,James Whitfield,Accepted,01/09/2026,12/03/2025,DCN-S7159,SAR-2026-7159,Kevin O’Rourke,12/10/2025,01/10/2026,,Romance Scam,Elder Financial Exploitation,No,01/06/2026,Continuing Activity Report
Pacific Coast Vending,11/18/2025,101130,Ashley Tran,Excluded,01/21/2026,12/19/2025,DCN-S7160,SAR-2026-7160,,12/22/2025,,See attached narrative.,Funnel Account Activity,Structuring,No,,Initial
Moreno Valley Transport,12/26/2025,109004,Maria Delgado,Accepted,02/19/2026,01/09/2026,DCN-S7161,SAR-2026-7161,Kevin O’Rourke,01/20/2026,02/05/2026,See attached narrative.,Check Fraud,Fraud,No,02/02/2026,Initial
Mesa Verde Grocers,01/12/2026,472382,Ashley Tran,Queue Failed,02/24/2026,01/22/2026,DCN-S7162,SAR-2026-7162,James Whitfield,01/25/2026,,,Funnel Account Activity,Structuring,Yes,,Initial
Canyon Ridge Motors,12/23/2025,336863,Robert Ellison,Accepted,02/04/2026,01/01/2026,DCN-S7163,SAR-2026-7163,Priya Natarajan,01/05/2026,01/21/2026,,Account Takeover,Identity Theft,No,01/20/2026,Initial
Desert Bloom Nursery,12/22/2025,362681,James Whitfield,Queue Failed,02/09/2026,01/01/2026,DCN-S7164,SAR-2026-7164,Priya Natarajan,01/10/2026,,,Romance Scam,Elder Financial Exploitation,Yes,,Initial
Citrus Valley Farms,12/15/2025,335081,Robert Ellison,Accepted,02/10/2026,01/02/2026,DCN-S7165,SAR-2026-7165,Dana Kim,01/11/2026,01/28/2026,,Romance Scam,Elder Financial Exploitation,No,01/25/2026,Initial
Sunrise Market LLC,01/01/2026,279991,Kevin O’Rourke,Queue Failed,02/18/2026,01/14/2026,DCN-S7166,SAR-2026-7166,Priya Natarajan,01/19/2026,,,Synthetic Identity,Identity Theft,Yes,,Initial
High Desert Storage,12/16/2025,197673,Luis Herrera,Accepted,02/19/2026,01/08/2026,DCN-S7167,SAR-2026-7167,Dana Kim,01/20/2026,02/07/2026,,Account Takeover,Identity Theft,No,02/04/2026,Initial
Pacific Coast Vending,01/04/2026,237419,James Whitfield,Accepted,02/08/2026,12/30/2025,DCN-S7168,SAR-2026-7168,Kevin O’Rourke,01/09/2026,01/26/2026,,Synthetic Identity,Identity Theft,No,01/25/2026,Initial
Canyon Ridge Motors,12/17/2025,75408,Priya Natarajan,Accepted,02/10/2026,01/06/2026,DCN-S7169,SAR-2026-7169,Priya Natarajan,01/11/2026,01/20/2026,,Account Takeover,Identity Theft,No,01/19/2026,Continuing Activity Report
High Desert Storage,01/13/2026,445696,Luis Herrera,Accepted,02/25/2026,01/18/2026,DCN-S7170,SAR-2026-7170,Dana Kim,01/26/2026,02/09/2026,,Trade-Based Laundering,Money Laundering,No,02/06/2026,Initial
Citrus Valley Farms,12/23/2025,77468,Maria Delgado,Excluded,02/19/2026,01/16/2026,DCN-S7171,SAR-2026-7171,,01/20/2026,,,Trade-Based Laundering,Money Laundering,No,,Initial
Pacific Coast Vending,12/16/2025,332569,Dana Kim,Accepted,02/03/2026,12/23/2025,DCN-S7172,SAR-2026-7172,Priya Natarajan,01/04/2026,01/21/2026,,Account Takeover,Identity Theft,No,01/19/2026,Continuing Activity Report
Redlands Pawn & Jewelry,12/29/2025,281351,Luis Herrera,Accepted,02/23/2026,01/20/2026,DCN-S7173,SAR-2026-7173,Priya Natarajan,01/24/2026,02/10/2026,,ACH Fraud,Fraud,No,02/09/2026,Initial
Redlands Pawn & Jewelry,01/03/2026,162548,Kevin O’Rourke,Accepted,02/10/2026,01/05/2026,DCN-S7174,SAR-2026-7174,Kevin O’Rourke,01/11/2026,01/21/2026,,Trade-Based Laundering,Money Laundering,No,01/20/2026,Initial
Pacific Coast Vending,12/20/2025,181750,Robert Ellison,Accepted,02/10/2026,01/08/2026,DCN-S7175,SAR-2026-7175,Kevin O’Rourke,01/11/2026,01/21/2026,,Synthetic Identity,Identity Theft,No,01/19/2026,Initial
Desert Bloom Nursery,12/20/2025,24399,Maria Delgado,Accepted,02/24/2026,01/18/2026,DCN-S7176,SAR-2026-7176,Kevin O’Rourke,01/25/2026,02/20/2026,,Account Takeover,Identity Theft,No,02/17/2026,Initial
Canyon Ridge Motors,02/21/2026,82400,Robert Ellison,Accepted,03/28/2026,02/15/2026,DCN-S7177,SAR-2026-7177,Priya Natarajan,02/26/2026,03/13/2026,,Synthetic Identity,Identity Theft,No,03/11/2026,Continuing Activity Report
Sunrise Market LLC,01/31/2026,269733,James Whitfield,Accepted,03/16/2026,02/12/2026,DCN-S7178,SAR-2026-7178,Priya Natarajan,02/14/2026,02/28/2026,,Synthetic Identity,Identity Theft,No,02/25/2026,Initial
Inland Empire Liquor,12/27/2025,455464,Ashley Tran,Accepted,03/07/2026,02/03/2026,DCN-S7179,SAR-2026-7179,Kevin O’Rourke,02/05/2026,03/08/2026,,Layering,Money Laundering,No,03/01/2026,Continuing Activity Report
Sunrise Market LLC,01/30/2026,150100,Ashley Tran,Accepted,03/07/2026,01/28/2026,DCN-S7180,SAR-2026-7180,Dana Kim,02/05/2026,02/16/2026,See attached narrative.,Layering,Money Laundering,No,02/15/2026,Initial
High Desert Storage,01/21/2026,212239,Ashley Tran,Accepted,03/29/2026,02/19/2026,DCN-S7181,SAR-2026-7181,Dana Kim,02/27/2026,03/09/2026,,Trade-Based Laundering,Money Laundering,No,03/07/2026,Initial
High Desert Storage,01/18/2026,150714,Kevin O’Rourke,Accepted,03/28/2026,02/19/2026,DCN-S7182,SAR-2026-7182,Kevin O’Rourke,02/26/2026,03/18/2026,,Check Fraud,Fraud,No,03/17/2026,Initial
Pacific Coast Vending,01/10/2026,135881,James Whitfield,Accepted,03/19/2026,02/13/2026,DCN-S7183,SAR-2026-7183,Dana Kim,02/17/2026,03/20/2026,,Wire Fraud,Fraud,No,03/13/2026,Initial
Moreno Valley Transport,01/08/2026,300502,Dana Kim,Accepted,03/17/2026,02/09/2026,DCN-S7184,SAR-2026-7184,Kevin O’Rourke,02/15/2026,03/07/2026,,Caregiver Abuse,Elder Financial Exploitation,No,03/04/2026,Continuing Activity Report
Desert Bloom Nursery,01/29/2026,46129,James Whitfield,Accepted,03/06/2026,02/02/2026,DCN-S7185,SAR-2026-7185,Kevin O’Rourke,02/04/2026,02/18/2026,,Trade-Based Laundering,Money Laundering,No,02/15/2026,Initial
Redlands Pawn & Jewelry,02/09/2026,251344,Dana Kim,Accepted,03/16/2026,02/07/2026,DCN-S7186,SAR-2026-7186,Priya Natarajan,02/14/2026,02/24/2026,,Account Takeover,Identity Theft,No,02/23/2026,Initial
Rivera & Sons Trucking,01/31/2026,355675,Kevin O’Rourke,Accepted,03/30/2026,02/25/2026,DCN-S7187,SAR-2026-7187,Dana Kim,02/28/2026,03/17/2026,,Layering,Money Laundering,No,03/16/2026,Initial
Inland Empire Liquor,01/15/2026,158398,James Whitfield,Accepted,03/06/2026,02/01/2026,DCN-S7188,SAR-2026-7188,Kevin O’Rourke,02/04/2026,02/24/2026,,Check Fraud,Fraud,No,02/22/2026,Initial
Mesa Verde Grocers,01/28/2026,97383,Dana Kim,Accepted,03/09/2026,01/31/2026,DCN-S7189,SAR-2026-7189,Priya Natarajan,02/07/2026,02/24/2026,,Synthetic Identity,Identity Theft,No,02/22/2026,Continuing Activity Report
Redlands Pawn & Jewelry,01/23/2026,314394,Ashley Tran,Accepted,03/09/2026,02/05/2026,DCN-S7190,SAR-2026-7190,Dana Kim,02/07/2026,02/27/2026,,Trade-Based Laundering,Money Laundering,No,02/24/2026,Continuing Activity Report
Sunrise Market LLC,01/19/2026,403701,Robert Ellison,Accepted,03/05/2026,01/25/2026,DCN-S7191,SAR-2026-7191,Kevin O’Rourke,02/03/2026,02/23/2026,,Cash Structuring,Structuring,No,02/21/2026,Initial
Citrus Valley Farms,01/21/2026,372266,Dana Kim,Accepted,03/13/2026,02/03/2026,DCN-S7192,SAR-2026-7192,Kevin O’Rourke,02/11/2026,02/25/2026,,Trade-Based Laundering,Money Laundering,No,02/24/2026,Initial
Mesa Verde Grocers,01/13/2026,386042,James Whitfield,Accepted,03/09/2026,02/01/2026,DCN-S7193,SAR-2026-7193,Maria Delgado,02/07/2026,02/22/2026,,Account Takeover,Identity Theft,No,02/19/2026,Initial
Inland Empire Liquor,01/06/2026,324472,Dana Kim,Accepted,03/14/2026,01/31/2026,DCN-S7194,SAR-2026-7194,Dana Kim,02/12/2026,02/27/2026,,Wire Fraud,Fraud,No,02/24/2026,Initial
Citrus Valley Farms,01/07/2026,148096,Luis Herrera,Accepted,03/08/2026,02/03/2026,DCN-S7195,SAR-2026-7195,James Whitfield,02/06/2026,02/18/2026,,Account Takeover,Identity Theft,No,02/17/2026,Continuing Activity Report
Golden State Autos,01/21/2026,323035,Robert Ellison,Accepted,03/09/2026,01/28/2026,DCN-S7196,SAR-2026-7196,Dana Kim,02/07/2026,02/23/2026,,Layering,Money Laundering,No,02/22/2026,Initial
High Desert Storage,01/22/2026,171874,Ashley Tran,Accepted,03/28/2026,02/19/2026,DCN-S7197,SAR-2026-7197,Maria Delgado,02/26/2026,03/31/2026,,Romance Scam,Elder Financial Exploitation,No,03/27/2026,Continuing Activity Report
Mesa Verde Grocers,02/06/2026,62839,Maria Delgado,Accepted,03/14/2026,02/03/2026,DCN-S7198,SAR-2026-7198,Dana Kim,02/12/2026,02/27/2026,,Trade-Based Laundering,Money Laundering,No,02/26/2026,Continuing Activity Report
Pacific Coast Vending,01/15/2026,269370,Maria Delgado,Accepted,03/10/2026,02/02/2026,DCN-S7199,SAR-2026-7199,Dana Kim,02/08/2026,02/19/2026,See attached narrative.,Romance Scam,Elder Financial Exploitation,No,02/18/2026,Initial
Desert Bloom Nursery,02/01/2026,356297,Robert Ellison,Excluded,04/10/2026,03/09/2026,DCN-S7200,SAR-2026-7200,,03/11/2026,,,Caregiver Abuse,Elder Financial Exploitation,No,,Continuing Activity Report
High Desert Storage,02/19/2026,54331,James Whitfield,Accepted,03/31/2026,02/17/2026,DCN-S7201,SAR-2026-7201,Priya Natarajan,03/01/2026,03/16/2026,,Caregiver Abuse,Elder Financial Exploitation,No,03/13/2026,Initial
High Desert Storage,02/24/2026,321361,Ashley Tran,Accepted,03/31/2026,02/21/2026,DCN-S7202,SAR-2026-7202,Maria Delgado,03/01/2026,03/19/2026,,Cash Structuring,Structuring,No,03/17/2026,Continuing Activity Report
Sunrise Market LLC,02/19/2026,94818,Kevin O’Rourke,Accepted,04/25/2026,03/17/2026,DCN-S7203,SAR-2026-7203,James Whitfield,03/26/2026,04/15/2026,,Trade-Based Laundering,Money Laundering,No,04/14/2026,Initial
Moreno Valley Transport,02/12/2026,439401,Maria Delgado,Accepted,03/31/2026,02/17/2026,DCN-S7204,SAR-2026-7204,Dana Kim,03/01/2026,03/09/2026,See attached narrative.,ACH Fraud,Fraud,No,03/08/2026,Initial
Mesa Verde Grocers,03/12/2026,217833,Ashley Tran,Accepted,04/24/2026,03/23/2026,DCN-S7205,SAR-2026-7205,Maria Delgado,03/25/2026,04/13/2026,,Romance Scam,Elder Financial Exploitation,No,04/11/2026,Continuing Activity Report
Sunrise Market LLC,02/16/2026,351019,Kevin O’Rourke,Excluded,04/01/2026,02/22/2026,DCN-S7206,SAR-2026-7206,,03/02/2026,,,Caregiver Abuse,Elder Financial Exploitation,No,,Initial
Inland Empire Liquor,02/18/2026,249561,Robert Ellison,Accepted,04/18/2026,03/07/2026,DCN-S7207,SAR-2026-7207,Kevin O’Rourke,03/19/2026,04/01/2026,See attached narrative.,Romance Scam,Elder Financial Exploitation,No,03/30/2026,Continuing Activity Report
Citrus Valley Farms,03/07/2026,265815,Priya Natarajan,Excluded,04/26/2026,03/25/2026,DCN-S7208,SAR-2026-7208,,03/27/2026,,See attached narrative.,Account Takeover,Identity Theft,No,,Initial
Desert Bloom Nursery,02/11/2026,128508,Ashley Tran,Accepted,04/16/2026,03/14/2026,DCN-S7209,SAR-2026-7209,James Whitfield,03/17/2026,04/17/2026,See attached narrative.,Funnel Account Activity,Structuring,No,04/13/2026,Initial
Redlands Pawn & Jewelry,03/18/2026,262154,Priya Natarajan,Accepted,04/23/2026,03/16/2026,DCN-S7210,SAR-2026-7210,Maria Delgado,03/24/2026,04/08/2026,,Synthetic Identity,Identity Theft,No,04/06/2026,Continuing Activity Report
High Desert Storage,02/20/2026,332105,Dana Kim,Accepted,04/21/2026,03/14/2026,DCN-S7211,SAR-2026-7211,Priya Natarajan,03/22/2026,04/06/2026,,Funnel Account Activity,Structuring,No,04/04/2026,Initial
Canyon Ridge Motors,02/14/2026,345709,Maria Delgado,Accepted,04/12/2026,03/08/2026,DCN-S7212,SAR-2026-7212,Priya Natarajan,03/13/2026,03/31/2026,,Romance Scam,Elder Financial Exploitation,No,03/29/2026,Continuing Activity Report
Inland Empire Liquor,02/23/2026,452430,Ashley Tran,Accepted,04/11/2026,03/10/2026,DCN-S7213,SAR-2026-7213,James Whitfield,03/12/2026,04/02/2026,,Romance Scam,Elder Financial Exploitation,No,03/30/2026,Initial
Redlands Pawn & Jewelry,02/08/2026,296258,Priya Natarajan,Accepted,03/31/2026,02/25/2026,DCN-S7214,SAR-2026-7214,Kevin O’Rourke,03/01/2026,04/01/2026,,Caregiver Abuse,Elder Financial Exploitation,No,03/27/2026,Continuing Activity Report
Canyon Ridge Motors,03/13/2026,14116,Priya Natarajan,Accepted,04/27/2026,03/23/2026,DCN-S7215,SAR-2026-7215,Maria Delgado,03/28/2026,04/16/2026,,Layering,Money Laundering,No,04/13/2026,Initial
Golden State Autos,02/17/2026,292990,Priya Natarajan,Queue Failed,04/27/2026,03/22/2026,DCN-S7216,SAR-2026-7216,James Whitfield,03/28/2026,,,Funnel Account Activity,Structuring,Yes,,Continuing Activity Report
Citrus Valley Farms,02/20/2026,203181,Priya Natarajan,Accepted,04/05/2026,02/26/2026,DCN-S7217,SAR-2026-7217,Dana Kim,03/06/2026,04/09/2026,,Cash Structuring,Structuring,No,04/03/2026,Initial
Citrus Valley Farms,02/15/2026,464856,Luis Herrera,Accepted,04/01/2026,02/26/2026,DCN-S7218,SAR-2026-7218,Maria Delgado,03/02/2026,03/22/2026,,Check Fraud,Fraud,No,03/20/2026,Initial
High Desert Storage,03/01/2026,439612,Ashley Tran,Accepted,04/23/2026,03/14/2026,DCN-S7219,SAR-2026-7219,Maria Delgado,03/24/2026,04/07/2026,,Layering,Money Laundering,No,04/05/2026,Initial
Citrus Valley Farms,02/15/2026,388152,Luis Herrera,Accepted,04/11/2026,03/07/2026,DCN-S7220,SAR-2026-7220,Dana Kim,03/12/2026,03/28/2026,,Funnel Account Activity,Structuring,No,03/25/2026,Continuing Activity Report
Citrus Valley Farms,01/31/2026,426487,Maria Delgado,Queue Failed,04/01/2026,02/20/2026,DCN-S7221,SAR-2026-7221,James Whitfield,03/02/2026,,,Caregiver Abuse,Elder Financial Exploitation,Yes,,Initial
High Desert Storage,02/16/2026,473036,Kevin O’Rourke,Accepted,04/05/2026,02/22/2026,DCN-S7222,SAR-2026-7222,James Whitfield,03/06/2026,03/23/2026,,Layering,Money Laundering,No,03/20/2026,Initial
Golden State Autos,03/12/2026,400444,Ashley Tran,Accepted,04/23/2026,03/13/2026,DCN-S7223,SAR-2026-7223,Maria Delgado,03/24/2026,04/14/2026,,Account Takeover,Identity Theft,No,04/12/2026,Initial
Moreno Valley Transport,02/16/2026,394479,James Whitfield,Accepted,04/20/2026,03/18/2026,DCN-S7224,SAR-2026-7224,Maria Delgado,03/21/2026,04/04/2026,,Account Takeover,Identity Theft,No,04/03/2026,Initial
Canyon Ridge Motors,02/22/2026,429633,Dana Kim,Accepted,04/24/2026,03/20/2026,DCN-S7225,SAR-2026-7225,Priya Natarajan,03/25/2026,04/11/2026,See attached narrative.,Caregiver Abuse,Elder Financial Exploitation,No,04/10/2026,Initial
Canyon Ridge Motors,02/15/2026,308015,Priya Natarajan,Accepted,04/15/2026,03/06/2026,DCN-S7226,SAR-2026-7226,Maria Delgado,03/16/2026,03/30/2026,,Romance Scam,Elder Financial Exploitation,No,03/28/2026,Continuing Activity Report
Rivera & Sons Trucking,03/26/2026,13494,Priya Natarajan,Accepted,05/11/2026,04/04/2026,DCN-S7227,SAR-2026-7227,Priya Natarajan,04/11/2026,04/30/2026,See attached narrative.,Cash Structuring,Structuring,No,04/28/2026,Initial
High Desert Storage,04/01/2026,122631,Dana Kim,Accepted,05/18/2026,04/08/2026,DCN-S7228,SAR-2026-7228,Kevin O’Rourke,04/18/2026,05/07/2026,See attached narrative.,Cash Structuring,Structuring,No,05/04/2026,Initial
Rivera & Sons Trucking,03/20/2026,330002,Luis Herrera,Accepted,05/20/2026,04/16/2026,DCN-S7229,SAR-2026-7229,Maria Delgado,04/20/2026,05/06/2026,,Synthetic Identity,Identity Theft,No,05/04/2026,Initial
Mesa Verde Grocers,03/26/2026,79783,James Whitfield,Accepted,05/20/2026,04/11/2026,DCN-S7230,SAR-2026-7230,Maria Delgado,04/20/2026,05/11/2026,,Cash Structuring,Structuring,No,05/08/2026,Initial
Golden State Autos,03/31/2026,117806,Maria Delgado,Accepted,05/20/2026,04/16/2026,DCN-S7231,SAR-2026-7231,Priya Natarajan,04/20/2026,05/02/2026,,Wire Fraud,Fraud,No,04/30/2026,Initial
Mesa Verde Grocers,03/15/2026,426118,Luis Herrera,Accepted,05/18/2026,04/12/2026,DCN-S7232,SAR-2026-7232,Maria Delgado,04/18/2026,05/17/2026,,Romance Scam,Elder Financial Exploitation,No,05/12/2026,Continuing Activity Report
Citrus Valley Farms,02/23/2026,385569,Maria Delgado,Excluded,05/01/2026,03/20/2026,DCN-S7233,SAR-2026-7233,,04/01/2026,,,Caregiver Abuse,Elder Financial Exploitation,No,,Initial
Moreno Valley Transport,04/10/2026,93740,James Whitfield,Accepted,05/28/2026,04/17/2026,DCN-S7234,SAR-2026-7234,Kevin O’Rourke,04/28/2026,05/13/2026,,Check Fraud,Fraud,No,05/12/2026,Initial
Sunrise Market LLC,04/10/2026,285453,Robert Ellison,Accepted,05/15/2026,04/08/2026,DCN-S7235,SAR-2026-7235,Priya Natarajan,04/15/2026,05/14/2026,,Account Takeover,Identity Theft,No,05/09/2026,Continuing Activity Report
Desert Bloom Nursery,03/17/2026,61704,Kevin O’Rourke,Accepted,05/19/2026,04/13/2026,DCN-S7236,SAR-2026-7236,James Whitfield,04/19/2026,05/01/2026,,Cash Structuring,Structuring,No,04/28/2026,Initial
Citrus Valley Farms,03/22/2026,448145,Luis Herrera,Accepted,05/24/2026,04/19/2026,DCN-S7237,SAR-2026-7237,Kevin O’Rourke,04/24/2026,05/09/2026,,Funnel Account Activity,Structuring,No,05/08/2026,Initial
Inland Empire Liquor,04/11/2026,439978,Luis Herrera,Accepted,05/20/2026,04/08/2026,DCN-S7238,SAR-2026-7238,Maria Delgado,04/20/2026,05/10/2026,,Cash Structuring,Structuring,No,05/08/2026,Continuing Activity Report
Inland Empire Liquor,03/31/2026,137852,Kevin O’Rourke,Excluded,05/07/2026,03/26/2026,DCN-S7239,SAR-2026-7239,,04/07/2026,,See attached narrative.,Funnel Account Activity,Structuring,No,,Initial
Moreno Valley Transport,04/13/2026,137534,Robert Ellison,Accepted,05/26/2026,04/21/2026,DCN-S7240,SAR-2026-7240,Kevin O’Rourke,04/26/2026,05/06/2026,,Check Fraud,Fraud,No,05/03/2026,Initial
Pacific Coast Vending,04/02/2026,398666,James Whitfield,Accepted,05/21/2026,04/18/2026,DCN-S7241,SAR-2026-7241,James Whitfield,04/21/2026,05/02/2026,,Romance Scam,Elder Financial Exploitation,No,04/30/2026,Initial
Rivera & Sons Trucking,03/17/2026,182191,Maria Delgado,Accepted,05/14/2026,04/04/2026,DCN-S7242,SAR-2026-7242,Maria Delgado,04/14/2026,04/29/2026,,ACH Fraud,Fraud,No,04/26/2026,Initial
Golden State Autos,03/08/2026,110337,Maria Delgado,Queue Failed,05/07/2026,04/03/2026,DCN-S7243,SAR-2026-7243,Maria Delgado,04/07/2026,,See attached narrative.,Trade-Based Laundering,Money Laundering,Yes,,Initial
Citrus Valley Farms,02/24/2026,76302,Maria Delgado,Accepted,05/05/2026,03/26/2026,DCN-S7244,SAR-2026-7244,Dana Kim,04/05/2026,04/21/2026,,Cash Structuring,Structuring,No,04/19/2026,Initial
Sunrise Market LLC,03/10/2026,406414,Kevin O’Rourke,Accepted,05/15/2026,04/09/2026,DCN-S7245,SAR-2026-7245,Dana Kim,04/15/2026,04/27/2026,,Romance Scam,Elder Financial Exploitation,No,04/24/2026,Initial
Mesa Verde Grocers,03/27/2026,285440,Robert Ellison,Accepted,05/27/2026,04/15/2026,DCN-S7246,SAR-2026-7246,Priya Natarajan,04/27/2026,05/13/2026,,Account Takeover,Identity Theft,No,05/11/2026,Initial
Moreno Valley Transport,04/04/2026,123683,Ashley Tran,Queue Failed,05/16/2026,04/04/2026,DCN-S7247,SAR-2026-7247,Maria Delgado,04/16/2026,,,Layering,Money Laundering,Yes,,Initial
High Desert Storage,04/06/2026,423449,James Whitfield,Accepted,05/16/2026,04/05/2026,DCN-S7248,SAR-2026-7248,Kevin O’Rourke,04/16/2026,05/06/2026,,Wire Fraud,Fraud,No,05/03/2026,Initial
Golden State Autos,03/13/2026,53250,Dana Kim,Accepted,05/14/2026,04/12/2026,DCN-S7249,SAR-2026-7249,Priya Natarajan,04/14/2026,04/29/2026,See attached narrative.,Account Takeover,Identity Theft,No,04/27/2026,Initial
Inland Empire Liquor,03/20/2026,204050,Maria Delgado,Accepted,05/02/2026,03/31/2026,DCN-S7250,SAR-2026-7250,James Whitfield,04/02/2026,04/21/2026,,Cash Structuring,Structuring,No,04/18/2026,Initial
Moreno Valley Transport,03/23/2026,131397,Priya Natarajan,Accepted,05/24/2026,04/16/2026,DCN-S7251,SAR-2026-7251,Dana Kim,04/24/2026,05/04/2026,,ACH Fraud,Fraud,No,05/03/2026,Continuing Activity Report
Moreno Valley Transport,03/09/2026,355332,Maria Delgado,Accepted,05/07/2026,04/05/2026,DCN-S7252,SAR-2026-7252,James Whitfield,04/07/2026,04/17/2026,,Account Takeover,Identity Theft,No,04/16/2026,Initial
Canyon Ridge Motors,03/29/2026,152966,Dana Kim,Accepted,05/14/2026,04/07/2026,DCN-S7253,SAR-2026-7253,Kevin O’Rourke,04/14/2026,04/28/2026,,Romance Scam,Elder Financial Exploitation,No,04/25/2026,Initial
Canyon Ridge Motors,04/17/2026,356194,Maria Delgado,Accepted,06/08/2026,05/05/2026,DCN-S7254,SAR-2026-7254,Maria Delgado,05/09/2026,05/28/2026,,ACH Fraud,Fraud,No,05/25/2026,Initial
Redlands Pawn & Jewelry,04/20/2026,164212,Kevin O’Rourke,Accepted,06/05/2026,05/02/2026,DCN-S7255,SAR-2026-7255,Kevin O’Rourke,05/06/2026,05/22/2026,,ACH Fraud,Fraud,No,05/20/2026,Continuing Activity Report
Redlands Pawn & Jewelry,04/17/2026,317233,Maria Delgado,Accepted,06/06/2026,04/30/2026,DCN-S7256,SAR-2026-7256,Kevin O’Rourke,05/07/2026,05/17/2026,,Trade-Based Laundering,Money Laundering,No,05/16/2026,Initial
Desert Bloom Nursery,04/23/2026,146152,James Whitfield,In Progress,06/20/2026,05/18/2026,DCN-S7257,SAR-2026-7257,,05/21/2026,,,Synthetic Identity,Identity Theft,No,,Initial
High Desert Storage,05/06/2026,109819,James Whitfield,Accepted,06/11/2026,05/05/2026,DCN-S7258,SAR-2026-7258,Dana Kim,05/12/2026,05/26/2026,,Romance Scam,Elder Financial Exploitation,No,05/24/2026,Initial
Canyon Ridge Motors,04/13/2026,431347,Ashley Tran,Accepted,06/15/2026,05/12/2026,DCN-S7259,SAR-2026-7259,Kevin O’Rourke,05/16/2026,06/17/2026,,Synthetic Identity,Identity Theft,No,06/12/2026,Continuing Activity Report
Golden State Autos,04/30/2026,75085,Kevin O’Rourke,Accepted,06/17/2026,05/08/2026,DCN-S7260,SAR-2026-7260,Dana Kim,05/18/2026,05/28/2026,,Account Takeover,Identity Theft,No,05/27/2026,Initial
Mesa Verde Grocers,04/17/2026,321959,Priya Natarajan,Accepted,06/15/2026,05/14/2026,DCN-S7261,SAR-2026-7261,Maria Delgado,05/16/2026,05/30/2026,,Account Takeover,Identity Theft,No,05/28/2026,Initial
Rivera & Sons Trucking,04/12/2026,42195,Luis Herrera,Accepted,06/16/2026,05/06/2026,DCN-S7262,SAR-2026-7262,Maria Delgado,05/17/2026,06/02/2026,,Funnel Account Activity,Structuring,No,05/30/2026,Continuing Activity Report
High Desert Storage,05/07/2026,169613,Kevin O’Rourke,Accepted,06/16/2026,05/15/2026,DCN-S7263,SAR-2026-7263,Priya Natarajan,05/17/2026,05/30/2026,,Trade-Based Laundering,Money Laundering,No,05/27/2026,Continuing Activity Report
Desert Bloom Nursery,04/17/2026,416419,Kevin O’Rourke,In Progress,06/10/2026,05/06/2026,DCN-S7264,SAR-2026-7264,,05/11/2026,,,Cash Structuring,Structuring,No,,Initial
Citrus Valley Farms,05/07/2026,163733,Kevin O’Rourke,Accepted,06/19/2026,05/14/2026,DCN-S7265,SAR-2026-7265,Kevin O’Rourke,05/20/2026,06/09/2026,,Cash Structuring,Structuring,No,06/07/2026,Initial
Citrus Valley Farms,04/26/2026,343489,Priya Natarajan,Accepted,06/27/2026,05/19/2026,DCN-S7266,SAR-2026-7266,Maria Delgado,05/28/2026,06/14/2026,,Account Takeover,Identity Theft,No,06/11/2026,Initial
Sunrise Market LLC,04/06/2026,353767,Robert Ellison,Accepted,06/14/2026,05/08/2026,DCN-S7267,SAR-2026-7267,Kevin O’Rourke,05/15/2026,05/26/2026,See attached narrative.,Account Takeover,Identity Theft,No,05/24/2026,Initial
High Desert Storage,04/17/2026,274744,Robert Ellison,Accepted,06/26/2026,05/21/2026,DCN-S7268,SAR-2026-7268,Kevin O’Rourke,05/27/2026,06/12/2026,,Check Fraud,Fraud,No,06/10/2026,Initial
Moreno Valley Transport,05/04/2026,368991,Priya Natarajan,In Progress,06/22/2026,05/19/2026,DCN-S7269,SAR-2026-7269,,05/23/2026,,,Trade-Based Laundering,Money Laundering,No,,Continuing Activity Report
Rivera & Sons Trucking,04/19/2026,18876,James Whitfield,In Progress,06/04/2026,04/26/2026,DCN-S7270,SAR-2026-7270,,05/05/2026,,,Layering,Money Laundering,No,,Initial
Inland Empire Liquor,05/12/2026,313826,Maria Delgado,Accepted,06/26/2026,05/22/2026,DCN-S7271,SAR-2026-7271,Priya Natarajan,05/27/2026,06/10/2026,,Cash Structuring,Structuring,No,06/08/2026,Initial
Golden State Autos,05/01/2026,460709,Kevin O’Rourke,Accepted,06/19/2026,05/09/2026,DCN-S7272,SAR-2026-7272,James Whitfield,05/20/2026,06/16/2026,,Wire Fraud,Fraud,No,06/09/2026,Initial
Pacific Coast Vending,04/10/2026,252271,Robert Ellison,Accepted,06/11/2026,04/30/2026,DCN-S7273,SAR-2026-7273,Maria Delgado,05/12/2026,05/30/2026,,Layering,Money Laundering,No,05/28/2026,Initial
Citrus Valley Farms,04/20/2026,293400,Maria Delgado,Open,06/09/2026,05/04/2026,DCN-S7274,SAR-2026-7274,,05/10/2026,,,Account Takeover,Identity Theft,No,,Continuing Activity Report
High Desert Storage,04/26/2026,362658,Luis Herrera,Accepted,06/02/2026,04/22/2026,DCN-S7275,SAR-2026-7275,Maria Delgado,05/03/2026,05/22/2026,,Layering,Money Laundering,No,05/19/2026,Initial
Canyon Ridge Motors,04/11/2026,107719,Priya Natarajan,In Progress,06/18/2026,05/11/2026,DCN-S7276,SAR-2026-7276,,05/19/2026,,,Romance Scam,Elder Financial Exploitation,No,,Continuing Activity Report
Pacific Coast Vending,04/14/2026,473582,Ashley Tran,Accepted,05/31/2026,04/19/2026,DCN-S7277,SAR-2026-7277,Dana Kim,05/01/2026,06/07/2026,,Funnel Account Activity,Structuring,No,06/01/2026,Initial
Mesa Verde Grocers,04/12/2026,454810,Robert Ellison,Accepted,06/04/2026,04/30/2026,DCN-S7278,SAR-2026-7278,Kevin O’Rourke,05/05/2026,05/15/2026,,Wire Fraud,Fraud,No,05/13/2026,Initial
Canyon Ridge Motors,05/16/2026,441250,James Whitfield,Accepted,07/25/2026,06/20/2026,DCN-S7279,SAR-2026-7279,Kevin O’Rourke,06/25/2026,07/12/2026,,Layering,Money Laundering,No,07/09/2026,Continuing Activity Report
Canyon Ridge Motors,05/20/2026,275898,Maria Delgado,Accepted,07/07/2026,05/30/2026,DCN-S7280,SAR-2026-7280,Priya Natarajan,06/07/2026,07/03/2026,,Cash Structuring,Structuring,No,06/29/2026,Initial
Sunrise Market LLC,05/04/2026,305312,Luis Herrera,Accepted,07/09/2026,05/31/2026,DCN-S7281,SAR-2026-7281,Priya Natarajan,06/09/2026,06/21/2026,,ACH Fraud,Fraud,No,06/19/2026,Initial
Citrus Valley Farms,06/17/2026,210737,Kevin O’Rourke,Accepted,07/23/2026,06/16/2026,DCN-S7282,SAR-2026-7282,Kevin O’Rourke,06/23/2026,07/19/2026,,Caregiver Abuse,Elder Financial Exploitation,No,07/13/2026,Initial
Golden State Autos,05/19/2026,225373,James Whitfield,In Progress,07/10/2026,06/07/2026,DCN-S7283,SAR-2026-7283,,06/10/2026,,See attached narrative.,Cash Structuring,Structuring,No,,Continuing Activity Report
Mesa Verde Grocers,05/21/2026,40226,Ashley Tran,Accepted,07/27/2026,06/17/2026,DCN-S7284,SAR-2026-7284,Maria Delgado,06/27/2026,07/11/2026,,Trade-Based Laundering,Money Laundering,No,07/10/2026,Initial
Inland Empire Liquor,05/03/2026,331163,Maria Delgado,Accepted,07/01/2026,05/26/2026,DCN-S7285,SAR-2026-7285,Kevin O’Rourke,06/01/2026,06/16/2026,,Account Takeover,Identity Theft,No,06/13/2026,Initial
Inland Empire Liquor,05/24/2026,64839,Maria Delgado,Accepted,07/02/2026,05/24/2026,DCN-S7286,SAR-2026-7286,Dana Kim,06/02/2026,06/13/2026,,Trade-Based Laundering,Money Laundering,No,06/12/2026,Initial
Desert Bloom Nursery,05/02/2026,252328,Ashley Tran,Excluded,07/11/2026,06/08/2026,DCN-S7287,SAR-2026-7287,,06/11/2026,,,Wire Fraud,Fraud,No,,Initial
Golden State Autos,05/08/2026,199894,Ashley Tran,Accepted,07/05/2026,06/02/2026,DCN-S7288,SAR-2026-7288,Dana Kim,06/05/2026,06/17/2026,,Layering,Money Laundering,No,06/16/2026,Initial
Desert Bloom Nursery,05/08/2026,97762,Luis Herrera,Accepted,07/08/2026,06/05/2026,DCN-S7289,SAR-2026-7289,James Whitfield,06/08/2026,07/13/2026,See attached narrative.,Cash Structuring,Structuring,No,07/07/2026,Continuing Activity Report
Pacific Coast Vending,05/21/2026,233706,Maria Delgado,Accepted,07/26/2026,06/17/2026,DCN-S7290,SAR-2026-7290,Priya Natarajan,06/26/2026,07/08/2026,,Cash Structuring,Structuring,No,07/06/2026,Continuing Activity Report
Redlands Pawn & Jewelry,06/08/2026,252322,Priya Natarajan,Accepted,07/17/2026,06/07/2026,DCN-S7291,SAR-2026-7291,Priya Natarajan,06/17/2026,07/05/2026,See attached narrative.,Wire Fraud,Fraud,No,07/03/2026,Initial
Moreno Valley Transport,06/10/2026,299089,Dana Kim,Accepted,07/22/2026,06/18/2026,DCN-S7292,SAR-2026-7292,Maria Delgado,06/22/2026,06/30/2026,See attached narrative.,Cash Structuring,Structuring,No,06/29/2026,Initial
Golden State Autos,05/21/2026,166338,Kevin O’Rourke,Accepted,07/06/2026,05/26/2026,DCN-S7293,SAR-2026-7293,Priya Natarajan,06/06/2026,06/17/2026,,Cash Structuring,Structuring,No,06/16/2026,Initial
Citrus Valley Farms,05/18/2026,431470,Priya Natarajan,Accepted,07/21/2026,06/15/2026,DCN-S7294,SAR-2026-7294,James Whitfield,06/21/2026,07/01/2026,,Caregiver Abuse,Elder Financial Exploitation,No,06/30/2026,Initial
